from_city_id,from_city,to_city_id,to_city,distance_m,duration_sec,router,calculated_at,data_version
osm-node-1686293227,Москва,osm-node-27000366,Тверь,185593.7,9052.5,https://router.project-osrm.org,2026-10-09T16:58:58+00:00,
osm-node-1686293227,Москва,osm-node-27505266,Ярославль,267440.2,15438.6,https://router.project-osrm.org,2026-10-09T16:58:58+00:00,
osm-node-1686293227,Москва,osm-node-191698855,Владимир,199244.6,10964,https://router.project-osrm.org,2026-10-09T16:58:58+00:00,
osm-node-1686293227,Москва,osm-node-27505582,Рязань,200491.3,11585.5,https://router.project-osrm.org,2026-10-09T16:58:58+00:00,
osm-node-1686293227,Москва,osm-node-34389350,Тула,183922.8,9138.3,https://router.project-osrm.org,2026-10-09T16:58:58+00:00,
osm-node-1686293227,Москва,osm-node-246459003,Калуга,181454.2,10448.8,https://router.project-osrm.org,2026-10-09T16:58:58+00:00,
osm-node-1686293227,Москва,osm-node-27072633,Смоленск,397481.1,21575.4,https://router.project-osrm.org,2026-10-09T16:58:58+00:00,
osm-node-1686293227,Москва,osm-node-27073428,Брянск,383063.8,20776.7,https://router.project-osrm.org,2026-10-09T16:58:58+00:00,
osm-node-1686293227,Москва,osm-node-27096008,Орёл,370164.9,19158.7,https://router.project-osrm.org,2026-10-09T16:58:58+00:00,
osm-node-27000366,Тверь,osm-node-1686293227,Москва,188220,9246.1,https://router.project-osrm.org,2026-10-09T16:58:58+00:00,
osm-node-27000366,Тверь,osm-node-27505266,Ярославль,332223.6,17944.6,https://router.project-osrm.org,2026-10-09T16:58:58+00:00,
osm-node-27000366,Тверь,osm-node-191698855,Владимир,375246.8,17694.9,https://router.project-osrm.org,2026-10-09T16:58:58+00:00,
osm-node-27000366,Тверь,osm-node-27505582,Рязань,390536.5,19422.8,https://router.project-osrm.org,2026-10-09T16:58:58+00:00,
osm-node-27000366,Тверь,osm-node-34389350,Тула,373127.8,17051.6,https://router.project-osrm.org,2026-10-09T16:58:58+00:00,
osm-node-27000366,Тверь,osm-node-246459003,Калуга,340736.3,17783.6,https://router.project-osrm.org,2026-10-09T16:58:58+00:00,
osm-node-27000366,Тверь,osm-node-27072633,Смоленск,408462.3,22218.8,https://router.project-osrm.org,2026-10-09T16:58:58+00:00,
osm-node-27000366,Тверь,osm-node-27073428,Брянск,542345.9,28111.5,https://router.project-osrm.org,2026-10-09T16:58:58+00:00,
osm-node-27000366,Тверь,osm-node-27096008,Орёл,559369.9,27072,https://router.project-osrm.org,2026-10-09T16:58:58+00:00,
osm-node-27505266,Ярославль,osm-node-1686293227,Москва,268577.6,15512.1,https://router.project-osrm.org,2026-10-09T16:58:58+00:00,
osm-node-27505266,Ярославль,osm-node-27000366,Тверь,329981.6,18033.8,https://router.project-osrm.org,2026-10-09T16:58:58+00:00,
osm-node-27505266,Ярославль,osm-node-191698855,Владимир,228818.2,12817.6,https://router.project-osrm.org,2026-10-09T16:58:58+00:00,
osm-node-27505266,Ярославль,osm-node-27505582,Рязань,468086,24639.1,https://router.project-osrm.org,2026-10-09T16:58:58+00:00,
osm-node-27505266,Ярославль,osm-node-34389350,Тула,458289.5,23518.9,https://router.project-osrm.org,2026-10-09T16:58:58+00:00,
osm-node-27505266,Ярославль,osm-node-246459003,Калуга,462062.1,25036,https://router.project-osrm.org,2026-10-09T16:58:58+00:00,
osm-node-27505266,Ярославль,osm-node-27072633,Смоленск,669258.4,35970.7,https://router.project-osrm.org,2026-10-09T16:58:58+00:00,
osm-node-27505266,Ярославль,osm-node-27073428,Брянск,663671.7,35363.9,https://router.project-osrm.org,2026-10-09T16:58:58+00:00,
osm-node-27505266,Ярославль,osm-node-27096008,Орёл,644531.6,33539.3,https://router.project-osrm.org,2026-10-09T16:58:58+00:00,
osm-node-191698855,Владимир,osm-node-1686293227,Москва,197429.7,10808.1,https://router.project-osrm.org,2026-10-09T16:58:58+00:00,
osm-node-191698855,Владимир,osm-node-27000366,Тверь,363403.6,17452.8,https://router.project-osrm.org,2026-10-09T16:58:58+00:00,
osm-node-191698855,Владимир,osm-node-27505266,Ярославль,229986.8,12798.9,https://router.project-osrm.org,2026-10-09T16:58:58+00:00,
osm-node-191698855,Владимир,osm-node-27505582,Рязань,234910.8,12839.9,https://router.project-osrm.org,2026-10-09T16:58:58+00:00,
osm-node-191698855,Владимир,osm-node-34389350,Тула,371139.3,17600.6,https://router.project-osrm.org,2026-10-09T16:58:58+00:00,
osm-node-191698855,Владимир,osm-node-246459003,Калуга,384309.5,19624.9,https://router.project-osrm.org,2026-10-09T16:58:58+00:00,
osm-node-191698855,Владимир,osm-node-27072633,Смоленск,596426.9,31862.1,https://router.project-osrm.org,2026-10-09T16:58:58+00:00,
osm-node-191698855,Владимир,osm-node-27073428,Брянск,585919.2,29952.8,https://router.project-osrm.org,2026-10-09T16:58:58+00:00,
osm-node-191698855,Владимир,osm-node-27096008,Орёл,557381.5,27621,https://router.project-osrm.org,2026-10-09T16:58:58+00:00,
osm-node-27505582,Рязань,osm-node-1686293227,Москва,198834.5,11332.3,https://router.project-osrm.org,2026-10-09T16:58:58+00:00,
osm-node-27505582,Рязань,osm-node-27000366,Тверь,387147.5,19244.4,https://router.project-osrm.org,2026-10-09T16:58:58+00:00,
osm-node-27505582,Рязань,osm-node-27505266,Ярославль,464478.8,24437.7,https://router.project-osrm.org,2026-10-09T16:58:58+00:00,
osm-node-27505582,Рязань,osm-node-191698855,Владимир,235963.3,12975,https://router.project-osrm.org,2026-10-09T16:58:58+00:00,
osm-node-27505582,Рязань,osm-node-34389350,Тула,185104.3,10610.8,https://router.project-osrm.org,2026-10-09T16:58:58+00:00,
osm-node-27505582,Рязань,osm-node-246459003,Калуга,294639,16471.8,https://router.project-osrm.org,2026-10-09T16:58:58+00:00,
osm-node-27505582,Рязань,osm-node-27072633,Смоленск,590724.8,30982.3,https://router.project-osrm.org,2026-10-09T16:58:58+00:00,
osm-node-27505582,Рязань,osm-node-27073428,Брянск,532829.9,28199.7,https://router.project-osrm.org,2026-10-09T16:58:58+00:00,
osm-node-27505582,Рязань,osm-node-27096008,Орёл,366616.5,21168.5,https://router.project-osrm.org,2026-10-09T16:58:58+00:00,
osm-node-34389350,Тула,osm-node-1686293227,Москва,183365.9,9036.5,https://router.project-osrm.org,2026-10-09T16:58:58+00:00,
osm-node-34389350,Тула,osm-node-27000366,Тверь,371702.6,16899.5,https://router.project-osrm.org,2026-10-09T16:58:58+00:00,
osm-node-34389350,Тула,osm-node-27505266,Ярославль,457058.6,23403.4,https://router.project-osrm.org,2026-10-09T16:58:58+00:00,
osm-node-34389350,Тула,osm-node-191698855,Владимир,370007.1,17519.7,https://router.project-osrm.org,2026-10-09T16:58:58+00:00,
osm-node-34389350,Тула,osm-node-27505582,Рязань,186048.1,10622.7,https://router.project-osrm.org,2026-10-09T16:58:58+00:00,
osm-node-34389350,Тула,osm-node-246459003,Калуга,109664.7,5896.1,https://router.project-osrm.org,2026-10-09T16:58:58+00:00,
osm-node-34389350,Тула,osm-node-27072633,Смоленск,454119.3,24633.4,https://router.project-osrm.org,2026-10-09T16:58:58+00:00,
osm-node-34389350,Тула,osm-node-27073428,Брянск,331961,17641.8,https://router.project-osrm.org,2026-10-09T16:58:58+00:00,
osm-node-34389350,Тула,osm-node-27096008,Орёл,181642.1,10592.8,https://router.project-osrm.org,2026-10-09T16:58:58+00:00,
osm-node-246459003,Калуга,osm-node-1686293227,Москва,180793.7,10098.2,https://router.project-osrm.org,2026-10-09T16:58:58+00:00,
osm-node-246459003,Калуга,osm-node-27000366,Тверь,340191.2,17462.9,https://router.project-osrm.org,2026-10-09T16:58:58+00:00,
osm-node-246459003,Калуга,osm-node-27505266,Ярославль,462195.7,24776.8,https://router.project-osrm.org,2026-10-09T16:58:58+00:00,
osm-node-246459003,Калуга,osm-node-191698855,Владимир,380430.4,19659.1,https://router.project-osrm.org,2026-10-09T16:58:58+00:00,
osm-node-246459003,Калуга,osm-node-27505582,Рязань,294411.3,16459.4,https://router.project-osrm.org,2026-10-09T16:58:58+00:00,
osm-node-246459003,Калуга,osm-node-34389350,Тула,109774.1,5973.6,https://router.project-osrm.org,2026-10-09T16:58:58+00:00,
osm-node-246459003,Калуга,osm-node-27072633,Смоленск,349276.2,19020,https://router.project-osrm.org,2026-10-09T16:58:58+00:00,
osm-node-246459003,Калуга,osm-node-27073428,Брянск,227117.9,12028.4,https://router.project-osrm.org,2026-10-09T16:58:58+00:00,
osm-node-246459003,Калуга,osm-node-27096008,Орёл,210234.1,12250.9,https://router.project-osrm.org,2026-10-09T16:58:58+00:00,
osm-node-27072633,Смоленск,osm-node-1686293227,Москва,396674.8,21677.9,https://router.project-osrm.org,2026-10-09T16:58:58+00:00,
osm-node-27072633,Смоленск,osm-node-27000366,Тверь,410345.3,22253.2,https://router.project-osrm.org,2026-10-09T16:58:58+00:00,
osm-node-27072633,Смоленск,osm-node-27505266,Ярославль,668468.1,36084.8,https://router.project-osrm.org,2026-10-09T16:58:58+00:00,
osm-node-27072633,Смоленск,osm-node-191698855,Владимир,593804.9,31763.4,https://router.project-osrm.org,2026-10-09T16:58:58+00:00,
osm-node-27072633,Смоленск,osm-node-27505582,Рязань,588013.4,31007.4,https://router.project-osrm.org,2026-10-09T16:58:58+00:00,
osm-node-27072633,Смоленск,osm-node-34389350,Тула,452976.2,24680.1,https://router.project-osrm.org,2026-10-09T16:58:58+00:00,
osm-node-27072633,Смоленск,osm-node-246459003,Калуга,348600.8,18993.5,https://router.project-osrm.org,2026-10-09T16:58:58+00:00,
osm-node-27072633,Смоленск,osm-node-27073428,Брянск,244904.8,14505.8,https://router.project-osrm.org,2026-10-09T16:58:58+00:00,
osm-node-27072633,Смоленск,osm-node-27096008,Орёл,381785.9,21896.9,https://router.project-osrm.org,2026-10-09T16:58:58+00:00,
osm-node-27073428,Брянск,osm-node-1686293227,Москва,383806.4,20495.5,https://router.project-osrm.org,2026-10-09T16:58:58+00:00,
osm-node-27073428,Брянск,osm-node-27000366,Тверь,543203.9,27860.2,https://router.project-osrm.org,2026-10-09T16:58:58+00:00,
osm-node-27073428,Брянск,osm-node-27505266,Ярославль,665208.4,35174.1,https://router.project-osrm.org,2026-10-09T16:58:58+00:00,
osm-node-27073428,Брянск,osm-node-191698855,Владимир,583443.1,30056.4,https://router.project-osrm.org,2026-10-09T16:58:58+00:00,
osm-node-27073428,Брянск,osm-node-27505582,Рязань,516288.2,28225.7,https://router.project-osrm.org,2026-10-09T16:58:58+00:00,
osm-node-27073428,Брянск,osm-node-34389350,Тула,331651.1,17739.9,https://router.project-osrm.org,2026-10-09T16:58:58+00:00,
osm-node-27073428,Брянск,osm-node-246459003,Калуга,227275.6,12053.3,https://router.project-osrm.org,2026-10-09T16:58:58+00:00,
osm-node-27073428,Брянск,osm-node-27072633,Смоленск,245931.8,14652.2,https://router.project-osrm.org,2026-10-09T16:58:58+00:00,
osm-node-27073428,Брянск,osm-node-27096008,Орёл,132756.5,7730,https://router.project-osrm.org,2026-10-09T16:58:58+00:00,
osm-node-27096008,Орёл,osm-node-1686293227,Москва,363380.2,19160.6,https://router.project-osrm.org,2026-10-09T16:58:58+00:00,
osm-node-27096008,Орёл,osm-node-27000366,Тверь,551716.9,27023.6,https://router.project-osrm.org,2026-10-09T16:58:58+00:00,
osm-node-27096008,Орёл,osm-node-27505266,Ярославль,637072.9,33527.5,https://router.project-osrm.org,2026-10-09T16:58:58+00:00,
osm-node-27096008,Орёл,osm-node-191698855,Владимир,550021.4,27643.8,https://router.project-osrm.org,2026-10-09T16:58:58+00:00,
osm-node-27096008,Орёл,osm-node-27505582,Рязань,367244.3,21110.3,https://router.project-osrm.org,2026-10-09T16:58:58+00:00,
osm-node-27096008,Орёл,osm-node-34389350,Тула,182272.8,10612.6,https://router.project-osrm.org,2026-10-09T16:58:58+00:00,
osm-node-27096008,Орёл,osm-node-246459003,Калуга,210492.5,12269,https://router.project-osrm.org,2026-10-09T16:58:58+00:00,
osm-node-27096008,Орёл,osm-node-27072633,Смоленск,382993.2,21992.5,https://router.project-osrm.org,2026-10-09T16:58:58+00:00,
osm-node-27096008,Орёл,osm-node-27073428,Брянск,132128.6,7661.3,https://router.project-osrm.org,2026-10-09T16:58:58+00:00,
