city_from;region_from;oktmo_from;sber_territory_id_from;is_capital_from;population_from;lat_from;lon_from;city_to;region_to;oktmo_to;sber_territory_id_to;is_capital_to;population_to;lat_to;lon_to;transport_type;distance_km;distance_hr;missing_reason;source;comment
Брянск;Брянская область;15701000001;953;1;379152;53.2420053;34.3653002;Владимир;Владимирская область;17701000001;986;1;349951;56.1280444;40.4082983;road;694.0;9.8;CD;OSM;CD
Брянск;Брянская область;15701000001;953;1;379152;53.2420053;34.3653002;Калуга;Калужская область;29701000001;1198;1;337058;54.506025;36.2516145;road;226.0;3.5;CD;OSRM;CD
Брянск;Брянская область;15701000001;953;1;379152;53.2420053;34.3653002;Москва;Москва;45000000000;2539;1;13010112;55.7540584;37.62049;road;515.0;7.4;CD;OSM;CD
Брянск;Брянская область;15701000001;953;1;379152;53.2420053;34.3653002;Орёл;Орловская область;54701000001;1707;1;303169;52.9671928;36.0695725;road;131.0;2.3;CD;OSRM;CD
Брянск;Брянская область;15701000001;953;1;379152;53.2420053;34.3653002;Рязань;Рязанская область;61701000001;1845;1;528599;54.6255345;39.7359162;road;515.0;7.4;CD;OSRM;CD
Брянск;Брянская область;15701000001;953;1;379152;53.2420053;34.3653002;Смоленск;Смоленская область;66701000001;2044;1;316570;54.782635;32.045251;road;247.0;3.8;CD;OSRM;CD
Брянск;Брянская область;15701000001;953;1;379152;53.2420053;34.3653002;Тверь;Тверская область;28701000001;2101;1;416219;56.8586556;35.9118279;road;543.0;7.7;CD;OSRM;CD
Брянск;Брянская область;15701000001;953;1;379152;53.2420053;34.3653002;Тула;Тульская область;70701000001;2164;1;473622;54.1918898;37.6153644;road;331.0;4.9;CD;OSRM;CD
Брянск;Брянская область;15701000001;953;1;379152;53.2420053;34.3653002;Ярославль;Ярославская область;78701000001;2318;1;577279;57.6216293;39.8978921;road;781.0;10.9;CD;OSM;CD
Владимир;Владимирская область;17701000001;986;1;349951;56.1280444;40.4082983;Калуга;Калужская область;29701000001;1198;1;337058;54.506025;36.2516145;road;435.0;6.3;CD;OSM;CD
Владимир;Владимирская область;17701000001;986;1;349951;56.1280444;40.4082983;Москва;Москва;45000000000;2539;1;13010112;55.7540584;37.62049;road;199.0;3.2;CD;OSRM;CD
Владимир;Владимирская область;17701000001;986;1;349951;56.1280444;40.4082983;Орёл;Орловская область;54701000001;1707;1;303169;52.9671928;36.0695725;road;653.0;9.2;CD;OSM;CD
Владимир;Владимирская область;17701000001;986;1;349951;56.1280444;40.4082983;Рязань;Рязанская область;61701000001;1845;1;528599;54.6255345;39.7359162;road;238.0;3.7;CD;OSRM;CD
Владимир;Владимирская область;17701000001;986;1;349951;56.1280444;40.4082983;Смоленск;Смоленская область;66701000001;2044;1;316570;54.782635;32.045251;road;698.0;9.8;CD;OSM;CD
Владимир;Владимирская область;17701000001;986;1;349951;56.1280444;40.4082983;Тверь;Тверская область;28701000001;2101;1;416219;56.8586556;35.9118279;road;365.0;5.4;CD;OSRM;CD
Владимир;Владимирская область;17701000001;986;1;349951;56.1280444;40.4082983;Тула;Тульская область;70701000001;2164;1;473622;54.1918898;37.6153644;road;373.0;5.5;CD;OSRM;CD
Владимир;Владимирская область;17701000001;986;1;349951;56.1280444;40.4082983;Ярославль;Ярославская область;78701000001;2318;1;577279;57.6216293;39.8978921;road;230.0;3.6;CD;OSRM;CD
Калуга;Калужская область;29701000001;1198;1;337058;54.506025;36.2516145;Москва;Москва;45000000000;2539;1;13010112;55.7540584;37.62049;road;184.0;2.9;CD;OSRM;CD
Калуга;Калужская область;29701000001;1198;1;337058;54.506025;36.2516145;Орёл;Орловская область;54701000001;1707;1;303169;52.9671928;36.0695725;road;211.0;3.3;CD;OSRM;CD
Калуга;Калужская область;29701000001;1198;1;337058;54.506025;36.2516145;Рязань;Рязанская область;61701000001;1845;1;528599;54.6255345;39.7359162;road;294.0;4.4;CD;OSRM;CD
Калуга;Калужская область;29701000001;1198;1;337058;54.506025;36.2516145;Смоленск;Смоленская область;66701000001;2044;1;316570;54.782635;32.045251;road;349.0;5.1;CD;OSRM;CD
Калуга;Калужская область;29701000001;1198;1;337058;54.506025;36.2516145;Тверь;Тверская область;28701000001;2101;1;416219;56.8586556;35.9118279;road;341.0;5.0;CD;OSRM;CD
Калуга;Калужская область;29701000001;1198;1;337058;54.506025;36.2516145;Тула;Тульская область;70701000001;2164;1;473622;54.1918898;37.6153644;road;109.0;2.0;CD;OSRM;CD
Калуга;Калужская область;29701000001;1198;1;337058;54.506025;36.2516145;Ярославль;Ярославская область;78701000001;2318;1;577279;57.6216293;39.8978921;road;523.0;7.5;CD;OSM;CD
Москва;Москва;45000000000;2539;1;13010112;55.7540584;37.62049;Орёл;Орловская область;54701000001;1707;1;303169;52.9671928;36.0695725;road;474.0;6.8;CD;OSM;CD
Москва;Москва;45000000000;2539;1;13010112;55.7540584;37.62049;Рязань;Рязанская область;61701000001;1845;1;528599;54.6255345;39.7359162;road;198.0;3.1;CD;OSRM;CD
Москва;Москва;45000000000;2539;1;13010112;55.7540584;37.62049;Смоленск;Смоленская область;66701000001;2044;1;316570;54.782635;32.045251;road;517.0;7.4;CD;OSM;CD
Москва;Москва;45000000000;2539;1;13010112;55.7540584;37.62049;Тверь;Тверская область;28701000001;2101;1;416219;56.8586556;35.9118279;road;187.0;3.0;CD;OSRM;CD
Москва;Москва;45000000000;2539;1;13010112;55.7540584;37.62049;Тула;Тульская область;70701000001;2164;1;473622;54.1918898;37.6153644;road;182.0;2.9;CD;OSRM;CD
Москва;Москва;45000000000;2539;1;13010112;55.7540584;37.62049;Ярославль;Ярославская область;78701000001;2318;1;577279;57.6216293;39.8978921;road;268.0;4.1;CD;OSRM;CD
Орёл;Орловская область;54701000001;1707;1;303169;52.9671928;36.0695725;Рязань;Рязанская область;61701000001;1845;1;528599;54.6255345;39.7359162;road;455.0;6.6;CD;OSM;CD
Орёл;Орловская область;54701000001;1707;1;303169;52.9671928;36.0695725;Смоленск;Смоленская область;66701000001;2044;1;316570;54.782635;32.045251;road;383.0;5.6;CD;OSRM;CD
Орёл;Орловская область;54701000001;1707;1;303169;52.9671928;36.0695725;Тверь;Тверская область;28701000001;2101;1;416219;56.8586556;35.9118279;road;635.0;9.0;CD;OSM;CD
Орёл;Орловская область;54701000001;1707;1;303169;52.9671928;36.0695725;Тула;Тульская область;70701000001;2164;1;473622;54.1918898;37.6153644;road;181.0;2.9;CD;OSRM;CD
Орёл;Орловская область;54701000001;1707;1;303169;52.9671928;36.0695725;Ярославль;Ярославская область;78701000001;2318;1;577279;57.6216293;39.8978921;road;740.0;10.4;CD;OSM;CD
Рязань;Рязанская область;61701000001;1845;1;528599;54.6255345;39.7359162;Смоленск;Смоленская область;66701000001;2044;1;316570;54.782635;32.045251;road;697.0;9.8;CD;OSM;CD
Рязань;Рязанская область;61701000001;1845;1;528599;54.6255345;39.7359162;Тверь;Тверская область;28701000001;2101;1;416219;56.8586556;35.9118279;road;451.0;6.5;CD;OSM;CD
Рязань;Рязанская область;61701000001;1845;1;528599;54.6255345;39.7359162;Тула;Тульская область;70701000001;2164;1;473622;54.1918898;37.6153644;road;185.0;3.0;CD;OSRM;CD
Рязань;Рязанская область;61701000001;1845;1;528599;54.6255345;39.7359162;Ярославль;Ярославская область;78701000001;2318;1;577279;57.6216293;39.8978921;road;463.0;6.7;CD;OSRM;CD
Смоленск;Смоленская область;66701000001;2044;1;316570;54.782635;32.045251;Тверь;Тверская область;28701000001;2101;1;416219;56.8586556;35.9118279;road;410.0;6.0;CD;OSRM;CD
Смоленск;Смоленская область;66701000001;2044;1;316570;54.782635;32.045251;Тула;Тульская область;70701000001;2164;1;473622;54.1918898;37.6153644;road;453.0;6.5;CD;OSRM;CD
Смоленск;Смоленская область;66701000001;2044;1;316570;54.782635;32.045251;Ярославль;Ярославская область;78701000001;2318;1;577279;57.6216293;39.8978921;road;781.0;10.9;CD;OSM;CD
Тверь;Тверская область;28701000001;2101;1;416219;56.8586556;35.9118279;Тула;Тульская область;70701000001;2164;1;473622;54.1918898;37.6153644;road;450.0;6.5;CD;OSM;CD
Тверь;Тверская область;28701000001;2101;1;416219;56.8586556;35.9118279;Ярославль;Ярославская область;78701000001;2318;1;577279;57.6216293;39.8978921;road;329.0;4.9;CD;OSRM;CD
Тула;Тульская область;70701000001;2164;1;473622;54.1918898;37.6153644;Ярославль;Ярославская область;78701000001;2318;1;577279;57.6216293;39.8978921;road;555.0;7.9;CD;OSM;CD
Владимир;Владимирская область;17701000001;986;1;349951;56.1280444;40.4082983;Брянск;Брянская область;15701000001;953;1;379152;53.2420053;34.3653002;road;694.0;9.8;CD;OSM;CD
Калуга;Калужская область;29701000001;1198;1;337058;54.506025;36.2516145;Брянск;Брянская область;15701000001;953;1;379152;53.2420053;34.3653002;road;226.0;3.5;CD;OSRM;CD
Москва;Москва;45000000000;2539;1;13010112;55.7540584;37.62049;Брянск;Брянская область;15701000001;953;1;379152;53.2420053;34.3653002;road;515.0;7.4;CD;OSM;CD
Орёл;Орловская область;54701000001;1707;1;303169;52.9671928;36.0695725;Брянск;Брянская область;15701000001;953;1;379152;53.2420053;34.3653002;road;131.0;2.3;CD;OSRM;CD
Рязань;Рязанская область;61701000001;1845;1;528599;54.6255345;39.7359162;Брянск;Брянская область;15701000001;953;1;379152;53.2420053;34.3653002;road;515.0;7.4;CD;OSRM;CD
Смоленск;Смоленская область;66701000001;2044;1;316570;54.782635;32.045251;Брянск;Брянская область;15701000001;953;1;379152;53.2420053;34.3653002;road;247.0;3.8;CD;OSRM;CD
Тверь;Тверская область;28701000001;2101;1;416219;56.8586556;35.9118279;Брянск;Брянская область;15701000001;953;1;379152;53.2420053;34.3653002;road;543.0;7.7;CD;OSRM;CD
Тула;Тульская область;70701000001;2164;1;473622;54.1918898;37.6153644;Брянск;Брянская область;15701000001;953;1;379152;53.2420053;34.3653002;road;331.0;4.9;CD;OSRM;CD
Ярославль;Ярославская область;78701000001;2318;1;577279;57.6216293;39.8978921;Брянск;Брянская область;15701000001;953;1;379152;53.2420053;34.3653002;road;781.0;10.9;CD;OSM;CD
Калуга;Калужская область;29701000001;1198;1;337058;54.506025;36.2516145;Владимир;Владимирская область;17701000001;986;1;349951;56.1280444;40.4082983;road;435.0;6.3;CD;OSM;CD
Москва;Москва;45000000000;2539;1;13010112;55.7540584;37.62049;Владимир;Владимирская область;17701000001;986;1;349951;56.1280444;40.4082983;road;199.0;3.2;CD;OSRM;CD
Орёл;Орловская область;54701000001;1707;1;303169;52.9671928;36.0695725;Владимир;Владимирская область;17701000001;986;1;349951;56.1280444;40.4082983;road;653.0;9.2;CD;OSM;CD
Рязань;Рязанская область;61701000001;1845;1;528599;54.6255345;39.7359162;Владимир;Владимирская область;17701000001;986;1;349951;56.1280444;40.4082983;road;238.0;3.7;CD;OSRM;CD
Смоленск;Смоленская область;66701000001;2044;1;316570;54.782635;32.045251;Владимир;Владимирская область;17701000001;986;1;349951;56.1280444;40.4082983;road;698.0;9.8;CD;OSM;CD
Тверь;Тверская область;28701000001;2101;1;416219;56.8586556;35.9118279;Владимир;Владимирская область;17701000001;986;1;349951;56.1280444;40.4082983;road;365.0;5.4;CD;OSRM;CD
Тула;Тульская область;70701000001;2164;1;473622;54.1918898;37.6153644;Владимир;Владимирская область;17701000001;986;1;349951;56.1280444;40.4082983;road;373.0;5.5;CD;OSRM;CD
Ярославль;Ярославская область;78701000001;2318;1;577279;57.6216293;39.8978921;Владимир;Владимирская область;17701000001;986;1;349951;56.1280444;40.4082983;road;230.0;3.6;CD;OSRM;CD
Москва;Москва;45000000000;2539;1;13010112;55.7540584;37.62049;Калуга;Калужская область;29701000001;1198;1;337058;54.506025;36.2516145;road;184.0;2.9;CD;OSRM;CD
Орёл;Орловская область;54701000001;1707;1;303169;52.9671928;36.0695725;Калуга;Калужская область;29701000001;1198;1;337058;54.506025;36.2516145;road;211.0;3.3;CD;OSRM;CD
Рязань;Рязанская область;61701000001;1845;1;528599;54.6255345;39.7359162;Калуга;Калужская область;29701000001;1198;1;337058;54.506025;36.2516145;road;294.0;4.4;CD;OSRM;CD
Смоленск;Смоленская область;66701000001;2044;1;316570;54.782635;32.045251;Калуга;Калужская область;29701000001;1198;1;337058;54.506025;36.2516145;road;349.0;5.1;CD;OSRM;CD
Тверь;Тверская область;28701000001;2101;1;416219;56.8586556;35.9118279;Калуга;Калужская область;29701000001;1198;1;337058;54.506025;36.2516145;road;341.0;5.0;CD;OSRM;CD
Тула;Тульская область;70701000001;2164;1;473622;54.1918898;37.6153644;Калуга;Калужская область;29701000001;1198;1;337058;54.506025;36.2516145;road;109.0;2.0;CD;OSRM;CD
Ярославль;Ярославская область;78701000001;2318;1;577279;57.6216293;39.8978921;Калуга;Калужская область;29701000001;1198;1;337058;54.506025;36.2516145;road;523.0;7.5;CD;OSM;CD
Орёл;Орловская область;54701000001;1707;1;303169;52.9671928;36.0695725;Москва;Москва;45000000000;2539;1;13010112;55.7540584;37.62049;road;474.0;6.8;CD;OSM;CD
Рязань;Рязанская область;61701000001;1845;1;528599;54.6255345;39.7359162;Москва;Москва;45000000000;2539;1;13010112;55.7540584;37.62049;road;198.0;3.1;CD;OSRM;CD
Смоленск;Смоленская область;66701000001;2044;1;316570;54.782635;32.045251;Москва;Москва;45000000000;2539;1;13010112;55.7540584;37.62049;road;517.0;7.4;CD;OSM;CD
Тверь;Тверская область;28701000001;2101;1;416219;56.8586556;35.9118279;Москва;Москва;45000000000;2539;1;13010112;55.7540584;37.62049;road;187.0;3.0;CD;OSRM;CD
Тула;Тульская область;70701000001;2164;1;473622;54.1918898;37.6153644;Москва;Москва;45000000000;2539;1;13010112;55.7540584;37.62049;road;182.0;2.9;CD;OSRM;CD
Ярославль;Ярославская область;78701000001;2318;1;577279;57.6216293;39.8978921;Москва;Москва;45000000000;2539;1;13010112;55.7540584;37.62049;road;268.0;4.1;CD;OSRM;CD
Рязань;Рязанская область;61701000001;1845;1;528599;54.6255345;39.7359162;Орёл;Орловская область;54701000001;1707;1;303169;52.9671928;36.0695725;road;455.0;6.6;CD;OSM;CD
Смоленск;Смоленская область;66701000001;2044;1;316570;54.782635;32.045251;Орёл;Орловская область;54701000001;1707;1;303169;52.9671928;36.0695725;road;383.0;5.6;CD;OSRM;CD
Тверь;Тверская область;28701000001;2101;1;416219;56.8586556;35.9118279;Орёл;Орловская область;54701000001;1707;1;303169;52.9671928;36.0695725;road;635.0;9.0;CD;OSM;CD
Тула;Тульская область;70701000001;2164;1;473622;54.1918898;37.6153644;Орёл;Орловская область;54701000001;1707;1;303169;52.9671928;36.0695725;road;181.0;2.9;CD;OSRM;CD
Ярославль;Ярославская область;78701000001;2318;1;577279;57.6216293;39.8978921;Орёл;Орловская область;54701000001;1707;1;303169;52.9671928;36.0695725;road;740.0;10.4;CD;OSM;CD
Смоленск;Смоленская область;66701000001;2044;1;316570;54.782635;32.045251;Рязань;Рязанская область;61701000001;1845;1;528599;54.6255345;39.7359162;road;697.0;9.8;CD;OSM;CD
Тверь;Тверская область;28701000001;2101;1;416219;56.8586556;35.9118279;Рязань;Рязанская область;61701000001;1845;1;528599;54.6255345;39.7359162;road;451.0;6.5;CD;OSM;CD
Тула;Тульская область;70701000001;2164;1;473622;54.1918898;37.6153644;Рязань;Рязанская область;61701000001;1845;1;528599;54.6255345;39.7359162;road;185.0;3.0;CD;OSRM;CD
Ярославль;Ярославская область;78701000001;2318;1;577279;57.6216293;39.8978921;Рязань;Рязанская область;61701000001;1845;1;528599;54.6255345;39.7359162;road;463.0;6.7;CD;OSRM;CD
Тверь;Тверская область;28701000001;2101;1;416219;56.8586556;35.9118279;Смоленск;Смоленская область;66701000001;2044;1;316570;54.782635;32.045251;road;410.0;6.0;CD;OSRM;CD
Тула;Тульская область;70701000001;2164;1;473622;54.1918898;37.6153644;Смоленск;Смоленская область;66701000001;2044;1;316570;54.782635;32.045251;road;453.0;6.5;CD;OSRM;CD
Ярославль;Ярославская область;78701000001;2318;1;577279;57.6216293;39.8978921;Смоленск;Смоленская область;66701000001;2044;1;316570;54.782635;32.045251;road;781.0;10.9;CD;OSM;CD
Тула;Тульская область;70701000001;2164;1;473622;54.1918898;37.6153644;Тверь;Тверская область;28701000001;2101;1;416219;56.8586556;35.9118279;road;450.0;6.5;CD;OSM;CD
Ярославль;Ярославская область;78701000001;2318;1;577279;57.6216293;39.8978921;Тверь;Тверская область;28701000001;2101;1;416219;56.8586556;35.9118279;road;329.0;4.9;CD;OSRM;CD
Ярославль;Ярославская область;78701000001;2318;1;577279;57.6216293;39.8978921;Тула;Тульская область;70701000001;2164;1;473622;54.1918898;37.6153644;road;555.0;7.9;CD;OSM;CD
Тверь;Тверская область;28701000001;2101;1;416219;56.8586556;35.9118279;Тула;Тульская область;70701000001;2164;1;473622;54.1918898;37.6153644;rail;375.0;6.8;CD;SberIndex;CD
Тверь;Тверская область;28701000001;2101;1;416219;56.8586556;35.9118279;Орёл;Орловская область;54701000001;1707;1;303169;52.9671928;36.0695725;rail;552.0;10.0;CD;SberIndex;CD
Тверь;Тверская область;28701000001;2101;1;416219;56.8586556;35.9118279;Калуга;Калужская область;29701000001;1198;1;337058;54.506025;36.2516145;rail;342.0;6.2;CD;SberIndex;CD
Тверь;Тверская область;28701000001;2101;1;416219;56.8586556;35.9118279;Ярославль;Ярославская область;78701000001;2318;1;577279;57.6216293;39.8978921;rail;436.0;7.9;CD;SberIndex;CD
Тверь;Тверская область;28701000001;2101;1;416219;56.8586556;35.9118279;Рязань;Рязанская область;61701000001;1845;1;528599;54.6255345;39.7359162;rail;363.0;6.6;CD;SberIndex;CD
Тверь;Тверская область;28701000001;2101;1;416219;56.8586556;35.9118279;Брянск;Брянская область;15701000001;953;1;379152;53.2420053;34.3653002;rail;550.0;10.0;CD;SberIndex;CD
Тверь;Тверская область;28701000001;2101;1;416219;56.8586556;35.9118279;Владимир;Владимирская область;17701000001;986;1;349951;56.1280444;40.4082983;rail;355.0;6.5;CD;SberIndex;CD
Тверь;Тверская область;28701000001;2101;1;416219;56.8586556;35.9118279;Москва;Москва;45000000000;2539;1;13010112;55.7540584;37.62049;rail;173.0;3.1;CD;SberIndex;CD
Тверь;Тверская область;28701000001;2101;1;416219;56.8586556;35.9118279;Смоленск;Смоленская область;66701000001;2044;1;316570;54.782635;32.045251;rail;476.0;8.7;CD;SberIndex;CD
Тула;Тульская область;70701000001;2164;1;473622;54.1918898;37.6153644;Тверь;Тверская область;28701000001;2101;1;416219;56.8586556;35.9118279;rail;375.0;6.8;CD;SberIndex;CD
Тула;Тульская область;70701000001;2164;1;473622;54.1918898;37.6153644;Орёл;Орловская область;54701000001;1707;1;303169;52.9671928;36.0695725;rail;201.0;3.7;CD;SberIndex;CD
Тула;Тульская область;70701000001;2164;1;473622;54.1918898;37.6153644;Калуга;Калужская область;29701000001;1198;1;337058;54.506025;36.2516145;rail;133.0;2.4;CD;SberIndex;CD
Тула;Тульская область;70701000001;2164;1;473622;54.1918898;37.6153644;Ярославль;Ярославская область;78701000001;2318;1;577279;57.6216293;39.8978921;rail;492.0;8.9;CD;SberIndex;CD
Тула;Тульская область;70701000001;2164;1;473622;54.1918898;37.6153644;Рязань;Рязанская область;61701000001;1845;1;528599;54.6255345;39.7359162;rail;268.0;4.9;CD;SberIndex;CD
Тула;Тульская область;70701000001;2164;1;473622;54.1918898;37.6153644;Брянск;Брянская область;15701000001;953;1;379152;53.2420053;34.3653002;rail;320.0;5.8;CD;SberIndex;CD
Тула;Тульская область;70701000001;2164;1;473622;54.1918898;37.6153644;Владимир;Владимирская область;17701000001;986;1;349951;56.1280444;40.4082983;rail;384.0;7.0;CD;SberIndex;CD
Тула;Тульская область;70701000001;2164;1;473622;54.1918898;37.6153644;Москва;Москва;45000000000;2539;1;13010112;55.7540584;37.62049;rail;223.0;4.1;CD;SberIndex;CD
Тула;Тульская область;70701000001;2164;1;473622;54.1918898;37.6153644;Смоленск;Смоленская область;66701000001;2044;1;316570;54.782635;32.045251;rail;421.0;7.7;CD;SberIndex;CD
Орёл;Орловская область;54701000001;1707;1;303169;52.9671928;36.0695725;Тверь;Тверская область;28701000001;2101;1;416219;56.8586556;35.9118279;rail;552.0;10.0;CD;SberIndex;CD
Орёл;Орловская область;54701000001;1707;1;303169;52.9671928;36.0695725;Тула;Тульская область;70701000001;2164;1;473622;54.1918898;37.6153644;rail;201.0;3.7;CD;SberIndex;CD
Орёл;Орловская область;54701000001;1707;1;303169;52.9671928;36.0695725;Калуга;Калужская область;29701000001;1198;1;337058;54.506025;36.2516145;rail;320.0;5.8;CD;SberIndex;CD
Орёл;Орловская область;54701000001;1707;1;303169;52.9671928;36.0695725;Ярославль;Ярославская область;78701000001;2318;1;577279;57.6216293;39.8978921;rail;669.0;12.2;CD;SberIndex;CD
Орёл;Орловская область;54701000001;1707;1;303169;52.9671928;36.0695725;Рязань;Рязанская область;61701000001;1845;1;528599;54.6255345;39.7359162;rail;469.0;8.5;CD;SberIndex;CD
Орёл;Орловская область;54701000001;1707;1;303169;52.9671928;36.0695725;Брянск;Брянская область;15701000001;953;1;379152;53.2420053;34.3653002;rail;143.0;2.6;CD;SberIndex;CD
Орёл;Орловская область;54701000001;1707;1;303169;52.9671928;36.0695725;Владимир;Владимирская область;17701000001;986;1;349951;56.1280444;40.4082983;rail;561.0;10.2;CD;SberIndex;CD
Орёл;Орловская область;54701000001;1707;1;303169;52.9671928;36.0695725;Москва;Москва;45000000000;2539;1;13010112;55.7540584;37.62049;rail;400.0;7.3;CD;SberIndex;CD
Орёл;Орловская область;54701000001;1707;1;303169;52.9671928;36.0695725;Смоленск;Смоленская область;66701000001;2044;1;316570;54.782635;32.045251;rail;389.0;7.1;CD;SberIndex;CD
Калуга;Калужская область;29701000001;1198;1;337058;54.506025;36.2516145;Тверь;Тверская область;28701000001;2101;1;416219;56.8586556;35.9118279;rail;342.0;6.2;CD;SberIndex;CD
Калуга;Калужская область;29701000001;1198;1;337058;54.506025;36.2516145;Тула;Тульская область;70701000001;2164;1;473622;54.1918898;37.6153644;rail;133.0;2.4;CD;SberIndex;CD
Калуга;Калужская область;29701000001;1198;1;337058;54.506025;36.2516145;Орёл;Орловская область;54701000001;1707;1;303169;52.9671928;36.0695725;rail;320.0;5.8;CD;SberIndex;CD
Калуга;Калужская область;29701000001;1198;1;337058;54.506025;36.2516145;Ярославль;Ярославская область;78701000001;2318;1;577279;57.6216293;39.8978921;rail;487.0;8.9;CD;SberIndex;CD
Калуга;Калужская область;29701000001;1198;1;337058;54.506025;36.2516145;Рязань;Рязанская область;61701000001;1845;1;528599;54.6255345;39.7359162;rail;389.0;7.1;CD;SberIndex;CD
Калуга;Калужская область;29701000001;1198;1;337058;54.506025;36.2516145;Брянск;Брянская область;15701000001;953;1;379152;53.2420053;34.3653002;rail;239.0;4.3;CD;SberIndex;CD
Калуга;Калужская область;29701000001;1198;1;337058;54.506025;36.2516145;Владимир;Владимирская область;17701000001;986;1;349951;56.1280444;40.4082983;rail;394.0;7.2;CD;SberIndex;CD
Калуга;Калужская область;29701000001;1198;1;337058;54.506025;36.2516145;Москва;Москва;45000000000;2539;1;13010112;55.7540584;37.62049;rail;218.0;4.0;CD;SberIndex;CD
Калуга;Калужская область;29701000001;1198;1;337058;54.506025;36.2516145;Смоленск;Смоленская область;66701000001;2044;1;316570;54.782635;32.045251;rail;340.0;6.2;CD;SberIndex;CD
Ярославль;Ярославская область;78701000001;2318;1;577279;57.6216293;39.8978921;Тверь;Тверская область;28701000001;2101;1;416219;56.8586556;35.9118279;rail;436.0;7.9;CD;SberIndex;CD
Ярославль;Ярославская область;78701000001;2318;1;577279;57.6216293;39.8978921;Тула;Тульская область;70701000001;2164;1;473622;54.1918898;37.6153644;rail;492.0;8.9;CD;SberIndex;CD
Ярославль;Ярославская область;78701000001;2318;1;577279;57.6216293;39.8978921;Орёл;Орловская область;54701000001;1707;1;303169;52.9671928;36.0695725;rail;669.0;12.2;CD;SberIndex;CD
Ярославль;Ярославская область;78701000001;2318;1;577279;57.6216293;39.8978921;Калуга;Калужская область;29701000001;1198;1;337058;54.506025;36.2516145;rail;487.0;8.9;CD;SberIndex;CD
Ярославль;Ярославская область;78701000001;2318;1;577279;57.6216293;39.8978921;Рязань;Рязанская область;61701000001;1845;1;528599;54.6255345;39.7359162;rail;428.0;7.8;CD;SberIndex;CD
Ярославль;Ярославская область;78701000001;2318;1;577279;57.6216293;39.8978921;Брянск;Брянская область;15701000001;953;1;379152;53.2420053;34.3653002;rail;695.0;12.6;CD;SberIndex;CD
Ярославль;Ярославская область;78701000001;2318;1;577279;57.6216293;39.8978921;Владимир;Владимирская область;17701000001;986;1;349951;56.1280444;40.4082983;rail;290.0;5.3;CD;SberIndex;CD
Ярославль;Ярославская область;78701000001;2318;1;577279;57.6216293;39.8978921;Москва;Москва;45000000000;2539;1;13010112;55.7540584;37.62049;rail;289.0;5.3;CD;SberIndex;CD
Ярославль;Ярославская область;78701000001;2318;1;577279;57.6216293;39.8978921;Смоленск;Смоленская область;66701000001;2044;1;316570;54.782635;32.045251;rail;716.0;13.0;CD;SberIndex;CD
Рязань;Рязанская область;61701000001;1845;1;528599;54.6255345;39.7359162;Тверь;Тверская область;28701000001;2101;1;416219;56.8586556;35.9118279;rail;363.0;6.6;CD;SberIndex;CD
Рязань;Рязанская область;61701000001;1845;1;528599;54.6255345;39.7359162;Тула;Тульская область;70701000001;2164;1;473622;54.1918898;37.6153644;rail;268.0;4.9;CD;SberIndex;CD
Рязань;Рязанская область;61701000001;1845;1;528599;54.6255345;39.7359162;Орёл;Орловская область;54701000001;1707;1;303169;52.9671928;36.0695725;rail;469.0;8.5;CD;SberIndex;CD
Рязань;Рязанская область;61701000001;1845;1;528599;54.6255345;39.7359162;Калуга;Калужская область;29701000001;1198;1;337058;54.506025;36.2516145;rail;389.0;7.1;CD;SberIndex;CD
Рязань;Рязанская область;61701000001;1845;1;528599;54.6255345;39.7359162;Ярославль;Ярославская область;78701000001;2318;1;577279;57.6216293;39.8978921;rail;428.0;7.8;CD;SberIndex;CD
Рязань;Рязанская область;61701000001;1845;1;528599;54.6255345;39.7359162;Брянск;Брянская область;15701000001;953;1;379152;53.2420053;34.3653002;rail;588.0;10.7;CD;SberIndex;CD
Рязань;Рязанская область;61701000001;1845;1;528599;54.6255345;39.7359162;Владимир;Владимирская область;17701000001;986;1;349951;56.1280444;40.4082983;rail;273.0;5.0;CD;SberIndex;CD
Рязань;Рязанская область;61701000001;1845;1;528599;54.6255345;39.7359162;Москва;Москва;45000000000;2539;1;13010112;55.7540584;37.62049;rail;210.0;3.8;CD;SberIndex;CD
Рязань;Рязанская область;61701000001;1845;1;528599;54.6255345;39.7359162;Смоленск;Смоленская область;66701000001;2044;1;316570;54.782635;32.045251;rail;627.0;11.4;CD;SberIndex;CD
Брянск;Брянская область;15701000001;953;1;379152;53.2420053;34.3653002;Тверь;Тверская область;28701000001;2101;1;416219;56.8586556;35.9118279;rail;550.0;10.0;CD;SberIndex;CD
Брянск;Брянская область;15701000001;953;1;379152;53.2420053;34.3653002;Тула;Тульская область;70701000001;2164;1;473622;54.1918898;37.6153644;rail;320.0;5.8;CD;SberIndex;CD
Брянск;Брянская область;15701000001;953;1;379152;53.2420053;34.3653002;Орёл;Орловская область;54701000001;1707;1;303169;52.9671928;36.0695725;rail;143.0;2.6;CD;SberIndex;CD
Брянск;Брянская область;15701000001;953;1;379152;53.2420053;34.3653002;Калуга;Калужская область;29701000001;1198;1;337058;54.506025;36.2516145;rail;239.0;4.3;CD;SberIndex;CD
Брянск;Брянская область;15701000001;953;1;379152;53.2420053;34.3653002;Ярославль;Ярославская область;78701000001;2318;1;577279;57.6216293;39.8978921;rail;695.0;12.6;CD;SberIndex;CD
Брянск;Брянская область;15701000001;953;1;379152;53.2420053;34.3653002;Рязань;Рязанская область;61701000001;1845;1;528599;54.6255345;39.7359162;rail;588.0;10.7;CD;SberIndex;CD
Брянск;Брянская область;15701000001;953;1;379152;53.2420053;34.3653002;Владимир;Владимирская область;17701000001;986;1;349951;56.1280444;40.4082983;rail;602.0;10.9;CD;SberIndex;CD
Брянск;Брянская область;15701000001;953;1;379152;53.2420053;34.3653002;Москва;Москва;45000000000;2539;1;13010112;55.7540584;37.62049;rail;426.0;7.7;CD;SberIndex;CD
Брянск;Брянская область;15701000001;953;1;379152;53.2420053;34.3653002;Смоленск;Смоленская область;66701000001;2044;1;316570;54.782635;32.045251;rail;246.0;4.5;CD;SberIndex;CD
Владимир;Владимирская область;17701000001;986;1;349951;56.1280444;40.4082983;Тверь;Тверская область;28701000001;2101;1;416219;56.8586556;35.9118279;rail;355.0;6.5;CD;SberIndex;CD
Владимир;Владимирская область;17701000001;986;1;349951;56.1280444;40.4082983;Тула;Тульская область;70701000001;2164;1;473622;54.1918898;37.6153644;rail;384.0;7.0;CD;SberIndex;CD
Владимир;Владимирская область;17701000001;986;1;349951;56.1280444;40.4082983;Орёл;Орловская область;54701000001;1707;1;303169;52.9671928;36.0695725;rail;561.0;10.2;CD;SberIndex;CD
Владимир;Владимирская область;17701000001;986;1;349951;56.1280444;40.4082983;Калуга;Калужская область;29701000001;1198;1;337058;54.506025;36.2516145;rail;394.0;7.2;CD;SberIndex;CD
Владимир;Владимирская область;17701000001;986;1;349951;56.1280444;40.4082983;Ярославль;Ярославская область;78701000001;2318;1;577279;57.6216293;39.8978921;rail;290.0;5.3;CD;SberIndex;CD
Владимир;Владимирская область;17701000001;986;1;349951;56.1280444;40.4082983;Рязань;Рязанская область;61701000001;1845;1;528599;54.6255345;39.7359162;rail;273.0;5.0;CD;SberIndex;CD
Владимир;Владимирская область;17701000001;986;1;349951;56.1280444;40.4082983;Брянск;Брянская область;15701000001;953;1;379152;53.2420053;34.3653002;rail;602.0;10.9;CD;SberIndex;CD
Владимир;Владимирская область;17701000001;986;1;349951;56.1280444;40.4082983;Москва;Москва;45000000000;2539;1;13010112;55.7540584;37.62049;rail;202.0;3.7;CD;SberIndex;CD
Владимир;Владимирская область;17701000001;986;1;349951;56.1280444;40.4082983;Смоленск;Смоленская область;66701000001;2044;1;316570;54.782635;32.045251;rail;621.0;11.3;CD;SberIndex;CD
Москва;Москва;45000000000;2539;1;13010112;55.7540584;37.62049;Тверь;Тверская область;28701000001;2101;1;416219;56.8586556;35.9118279;rail;173.0;3.1;CD;SberIndex;CD
Москва;Москва;45000000000;2539;1;13010112;55.7540584;37.62049;Тула;Тульская область;70701000001;2164;1;473622;54.1918898;37.6153644;rail;223.0;4.1;CD;SberIndex;CD
Москва;Москва;45000000000;2539;1;13010112;55.7540584;37.62049;Орёл;Орловская область;54701000001;1707;1;303169;52.9671928;36.0695725;rail;400.0;7.3;CD;SberIndex;CD
Москва;Москва;45000000000;2539;1;13010112;55.7540584;37.62049;Калуга;Калужская область;29701000001;1198;1;337058;54.506025;36.2516145;rail;218.0;4.0;CD;SberIndex;CD
Москва;Москва;45000000000;2539;1;13010112;55.7540584;37.62049;Ярославль;Ярославская область;78701000001;2318;1;577279;57.6216293;39.8978921;rail;289.0;5.3;CD;SberIndex;CD
Москва;Москва;45000000000;2539;1;13010112;55.7540584;37.62049;Рязань;Рязанская область;61701000001;1845;1;528599;54.6255345;39.7359162;rail;210.0;3.8;CD;SberIndex;CD
Москва;Москва;45000000000;2539;1;13010112;55.7540584;37.62049;Брянск;Брянская область;15701000001;953;1;379152;53.2420053;34.3653002;rail;426.0;7.7;CD;SberIndex;CD
Москва;Москва;45000000000;2539;1;13010112;55.7540584;37.62049;Владимир;Владимирская область;17701000001;986;1;349951;56.1280444;40.4082983;rail;202.0;3.7;CD;SberIndex;CD
Москва;Москва;45000000000;2539;1;13010112;55.7540584;37.62049;Смоленск;Смоленская область;66701000001;2044;1;316570;54.782635;32.045251;rail;447.0;8.1;CD;SberIndex;CD
Смоленск;Смоленская область;66701000001;2044;1;316570;54.782635;32.045251;Тверь;Тверская область;28701000001;2101;1;416219;56.8586556;35.9118279;rail;476.0;8.7;CD;SberIndex;CD
Смоленск;Смоленская область;66701000001;2044;1;316570;54.782635;32.045251;Тула;Тульская область;70701000001;2164;1;473622;54.1918898;37.6153644;rail;421.0;7.7;CD;SberIndex;CD
Смоленск;Смоленская область;66701000001;2044;1;316570;54.782635;32.045251;Орёл;Орловская область;54701000001;1707;1;303169;52.9671928;36.0695725;rail;389.0;7.1;CD;SberIndex;CD
Смоленск;Смоленская область;66701000001;2044;1;316570;54.782635;32.045251;Калуга;Калужская область;29701000001;1198;1;337058;54.506025;36.2516145;rail;340.0;6.2;CD;SberIndex;CD
Смоленск;Смоленская область;66701000001;2044;1;316570;54.782635;32.045251;Ярославль;Ярославская область;78701000001;2318;1;577279;57.6216293;39.8978921;rail;716.0;13.0;CD;SberIndex;CD
Смоленск;Смоленская область;66701000001;2044;1;316570;54.782635;32.045251;Рязань;Рязанская область;61701000001;1845;1;528599;54.6255345;39.7359162;rail;627.0;11.4;CD;SberIndex;CD
Смоленск;Смоленская область;66701000001;2044;1;316570;54.782635;32.045251;Брянск;Брянская область;15701000001;953;1;379152;53.2420053;34.3653002;rail;246.0;4.5;CD;SberIndex;CD
Смоленск;Смоленская область;66701000001;2044;1;316570;54.782635;32.045251;Владимир;Владимирская область;17701000001;986;1;349951;56.1280444;40.4082983;rail;621.0;11.3;CD;SberIndex;CD
Смоленск;Смоленская область;66701000001;2044;1;316570;54.782635;32.045251;Москва;Москва;45000000000;2539;1;13010112;55.7540584;37.62049;rail;447.0;8.1;CD;SberIndex;CD
Брянск;Брянская область;15701000001;953;1;379152;53.2420053;34.3653002;Владимир;Владимирская область;17701000001;986;1;349951;56.1280444;40.4082983;air;;;Маршрут не найден;ND;CD
Брянск;Брянская область;15701000001;953;1;379152;53.2420053;34.3653002;Калуга;Калужская область;29701000001;1198;1;337058;54.506025;36.2516145;air;;;Маршрут не найден;ND;CD
Брянск;Брянская область;15701000001;953;1;379152;53.2420053;34.3653002;Москва;Москва;45000000000;2539;1;13010112;55.7540584;37.62049;air;;;Маршрут не найден;ND;CD
Брянск;Брянская область;15701000001;953;1;379152;53.2420053;34.3653002;Орёл;Орловская область;54701000001;1707;1;303169;52.9671928;36.0695725;air;;;Маршрут не найден;ND;CD
Брянск;Брянская область;15701000001;953;1;379152;53.2420053;34.3653002;Рязань;Рязанская область;61701000001;1845;1;528599;54.6255345;39.7359162;air;;;Маршрут не найден;ND;CD
Брянск;Брянская область;15701000001;953;1;379152;53.2420053;34.3653002;Смоленск;Смоленская область;66701000001;2044;1;316570;54.782635;32.045251;air;;;Маршрут не найден;ND;CD
Брянск;Брянская область;15701000001;953;1;379152;53.2420053;34.3653002;Тверь;Тверская область;28701000001;2101;1;416219;56.8586556;35.9118279;air;;;Маршрут не найден;ND;CD
Брянск;Брянская область;15701000001;953;1;379152;53.2420053;34.3653002;Тула;Тульская область;70701000001;2164;1;473622;54.1918898;37.6153644;air;;;Маршрут не найден;ND;CD
Брянск;Брянская область;15701000001;953;1;379152;53.2420053;34.3653002;Ярославль;Ярославская область;78701000001;2318;1;577279;57.6216293;39.8978921;air;;;Маршрут не найден;ND;CD
Владимир;Владимирская область;17701000001;986;1;349951;56.1280444;40.4082983;Брянск;Брянская область;15701000001;953;1;379152;53.2420053;34.3653002;air;;;Маршрут не найден;ND;CD
Владимир;Владимирская область;17701000001;986;1;349951;56.1280444;40.4082983;Калуга;Калужская область;29701000001;1198;1;337058;54.506025;36.2516145;air;;;Маршрут не найден;ND;CD
Владимир;Владимирская область;17701000001;986;1;349951;56.1280444;40.4082983;Москва;Москва;45000000000;2539;1;13010112;55.7540584;37.62049;air;;;Маршрут не найден;ND;CD
Владимир;Владимирская область;17701000001;986;1;349951;56.1280444;40.4082983;Орёл;Орловская область;54701000001;1707;1;303169;52.9671928;36.0695725;air;;;Маршрут не найден;ND;CD
Владимир;Владимирская область;17701000001;986;1;349951;56.1280444;40.4082983;Рязань;Рязанская область;61701000001;1845;1;528599;54.6255345;39.7359162;air;;;Маршрут не найден;ND;CD
Владимир;Владимирская область;17701000001;986;1;349951;56.1280444;40.4082983;Смоленск;Смоленская область;66701000001;2044;1;316570;54.782635;32.045251;air;;;Маршрут не найден;ND;CD
Владимир;Владимирская область;17701000001;986;1;349951;56.1280444;40.4082983;Тверь;Тверская область;28701000001;2101;1;416219;56.8586556;35.9118279;air;;;Маршрут не найден;ND;CD
Владимир;Владимирская область;17701000001;986;1;349951;56.1280444;40.4082983;Тула;Тульская область;70701000001;2164;1;473622;54.1918898;37.6153644;air;;;Маршрут не найден;ND;CD
Владимир;Владимирская область;17701000001;986;1;349951;56.1280444;40.4082983;Ярославль;Ярославская область;78701000001;2318;1;577279;57.6216293;39.8978921;air;;;Маршрут не найден;ND;CD
Калуга;Калужская область;29701000001;1198;1;337058;54.506025;36.2516145;Брянск;Брянская область;15701000001;953;1;379152;53.2420053;34.3653002;air;;;Маршрут не найден;ND;CD
Калуга;Калужская область;29701000001;1198;1;337058;54.506025;36.2516145;Владимир;Владимирская область;17701000001;986;1;349951;56.1280444;40.4082983;air;;;Маршрут не найден;ND;CD
Калуга;Калужская область;29701000001;1198;1;337058;54.506025;36.2516145;Москва;Москва;45000000000;2539;1;13010112;55.7540584;37.62049;air;;;Маршрут не найден;ND;CD
Калуга;Калужская область;29701000001;1198;1;337058;54.506025;36.2516145;Орёл;Орловская область;54701000001;1707;1;303169;52.9671928;36.0695725;air;;;Маршрут не найден;ND;CD
Калуга;Калужская область;29701000001;1198;1;337058;54.506025;36.2516145;Рязань;Рязанская область;61701000001;1845;1;528599;54.6255345;39.7359162;air;;;Маршрут не найден;ND;CD
Калуга;Калужская область;29701000001;1198;1;337058;54.506025;36.2516145;Смоленск;Смоленская область;66701000001;2044;1;316570;54.782635;32.045251;air;;;Маршрут не найден;ND;CD
Калуга;Калужская область;29701000001;1198;1;337058;54.506025;36.2516145;Тверь;Тверская область;28701000001;2101;1;416219;56.8586556;35.9118279;air;;;Маршрут не найден;ND;CD
Калуга;Калужская область;29701000001;1198;1;337058;54.506025;36.2516145;Тула;Тульская область;70701000001;2164;1;473622;54.1918898;37.6153644;air;;;Маршрут не найден;ND;CD
Калуга;Калужская область;29701000001;1198;1;337058;54.506025;36.2516145;Ярославль;Ярославская область;78701000001;2318;1;577279;57.6216293;39.8978921;air;;;Маршрут не найден;ND;CD
Москва;Москва;45000000000;2539;1;13010112;55.7540584;37.62049;Брянск;Брянская область;15701000001;953;1;379152;53.2420053;34.3653002;air;;;Маршрут не найден;ND;CD
Москва;Москва;45000000000;2539;1;13010112;55.7540584;37.62049;Владимир;Владимирская область;17701000001;986;1;349951;56.1280444;40.4082983;air;;;Маршрут не найден;ND;CD
Москва;Москва;45000000000;2539;1;13010112;55.7540584;37.62049;Калуга;Калужская область;29701000001;1198;1;337058;54.506025;36.2516145;air;;;Маршрут не найден;ND;CD
Москва;Москва;45000000000;2539;1;13010112;55.7540584;37.62049;Орёл;Орловская область;54701000001;1707;1;303169;52.9671928;36.0695725;air;;;Маршрут не найден;ND;CD
Москва;Москва;45000000000;2539;1;13010112;55.7540584;37.62049;Рязань;Рязанская область;61701000001;1845;1;528599;54.6255345;39.7359162;air;;;Маршрут не найден;ND;CD
Москва;Москва;45000000000;2539;1;13010112;55.7540584;37.62049;Смоленск;Смоленская область;66701000001;2044;1;316570;54.782635;32.045251;air;;;Маршрут не найден;ND;CD
Москва;Москва;45000000000;2539;1;13010112;55.7540584;37.62049;Тверь;Тверская область;28701000001;2101;1;416219;56.8586556;35.9118279;air;;;Маршрут не найден;ND;CD
Москва;Москва;45000000000;2539;1;13010112;55.7540584;37.62049;Тула;Тульская область;70701000001;2164;1;473622;54.1918898;37.6153644;air;;;Маршрут не найден;ND;CD
Москва;Москва;45000000000;2539;1;13010112;55.7540584;37.62049;Ярославль;Ярославская область;78701000001;2318;1;577279;57.6216293;39.8978921;air;;;Маршрут не найден;ND;CD
Орёл;Орловская область;54701000001;1707;1;303169;52.9671928;36.0695725;Брянск;Брянская область;15701000001;953;1;379152;53.2420053;34.3653002;air;;;Маршрут не найден;ND;CD
Орёл;Орловская область;54701000001;1707;1;303169;52.9671928;36.0695725;Владимир;Владимирская область;17701000001;986;1;349951;56.1280444;40.4082983;air;;;Маршрут не найден;ND;CD
Орёл;Орловская область;54701000001;1707;1;303169;52.9671928;36.0695725;Калуга;Калужская область;29701000001;1198;1;337058;54.506025;36.2516145;air;;;Маршрут не найден;ND;CD
Орёл;Орловская область;54701000001;1707;1;303169;52.9671928;36.0695725;Москва;Москва;45000000000;2539;1;13010112;55.7540584;37.62049;air;;;Маршрут не найден;ND;CD
Орёл;Орловская область;54701000001;1707;1;303169;52.9671928;36.0695725;Рязань;Рязанская область;61701000001;1845;1;528599;54.6255345;39.7359162;air;;;Маршрут не найден;ND;CD
Орёл;Орловская область;54701000001;1707;1;303169;52.9671928;36.0695725;Смоленск;Смоленская область;66701000001;2044;1;316570;54.782635;32.045251;air;;;Маршрут не найден;ND;CD
Орёл;Орловская область;54701000001;1707;1;303169;52.9671928;36.0695725;Тверь;Тверская область;28701000001;2101;1;416219;56.8586556;35.9118279;air;;;Маршрут не найден;ND;CD
Орёл;Орловская область;54701000001;1707;1;303169;52.9671928;36.0695725;Тула;Тульская область;70701000001;2164;1;473622;54.1918898;37.6153644;air;;;Маршрут не найден;ND;CD
Орёл;Орловская область;54701000001;1707;1;303169;52.9671928;36.0695725;Ярославль;Ярославская область;78701000001;2318;1;577279;57.6216293;39.8978921;air;;;Маршрут не найден;ND;CD
Рязань;Рязанская область;61701000001;1845;1;528599;54.6255345;39.7359162;Брянск;Брянская область;15701000001;953;1;379152;53.2420053;34.3653002;air;;;Маршрут не найден;ND;CD
Рязань;Рязанская область;61701000001;1845;1;528599;54.6255345;39.7359162;Владимир;Владимирская область;17701000001;986;1;349951;56.1280444;40.4082983;air;;;Маршрут не найден;ND;CD
Рязань;Рязанская область;61701000001;1845;1;528599;54.6255345;39.7359162;Калуга;Калужская область;29701000001;1198;1;337058;54.506025;36.2516145;air;;;Маршрут не найден;ND;CD
Рязань;Рязанская область;61701000001;1845;1;528599;54.6255345;39.7359162;Москва;Москва;45000000000;2539;1;13010112;55.7540584;37.62049;air;;;Маршрут не найден;ND;CD
Рязань;Рязанская область;61701000001;1845;1;528599;54.6255345;39.7359162;Орёл;Орловская область;54701000001;1707;1;303169;52.9671928;36.0695725;air;;;Маршрут не найден;ND;CD
Рязань;Рязанская область;61701000001;1845;1;528599;54.6255345;39.7359162;Смоленск;Смоленская область;66701000001;2044;1;316570;54.782635;32.045251;air;;;Маршрут не найден;ND;CD
Рязань;Рязанская область;61701000001;1845;1;528599;54.6255345;39.7359162;Тверь;Тверская область;28701000001;2101;1;416219;56.8586556;35.9118279;air;;;Маршрут не найден;ND;CD
Рязань;Рязанская область;61701000001;1845;1;528599;54.6255345;39.7359162;Тула;Тульская область;70701000001;2164;1;473622;54.1918898;37.6153644;air;;;Маршрут не найден;ND;CD
Рязань;Рязанская область;61701000001;1845;1;528599;54.6255345;39.7359162;Ярославль;Ярославская область;78701000001;2318;1;577279;57.6216293;39.8978921;air;;;Маршрут не найден;ND;CD
Смоленск;Смоленская область;66701000001;2044;1;316570;54.782635;32.045251;Брянск;Брянская область;15701000001;953;1;379152;53.2420053;34.3653002;air;;;Маршрут не найден;ND;CD
Смоленск;Смоленская область;66701000001;2044;1;316570;54.782635;32.045251;Владимир;Владимирская область;17701000001;986;1;349951;56.1280444;40.4082983;air;;;Маршрут не найден;ND;CD
Смоленск;Смоленская область;66701000001;2044;1;316570;54.782635;32.045251;Калуга;Калужская область;29701000001;1198;1;337058;54.506025;36.2516145;air;;;Маршрут не найден;ND;CD
Смоленск;Смоленская область;66701000001;2044;1;316570;54.782635;32.045251;Москва;Москва;45000000000;2539;1;13010112;55.7540584;37.62049;air;;;Маршрут не найден;ND;CD
Смоленск;Смоленская область;66701000001;2044;1;316570;54.782635;32.045251;Орёл;Орловская область;54701000001;1707;1;303169;52.9671928;36.0695725;air;;;Маршрут не найден;ND;CD
Смоленск;Смоленская область;66701000001;2044;1;316570;54.782635;32.045251;Рязань;Рязанская область;61701000001;1845;1;528599;54.6255345;39.7359162;air;;;Маршрут не найден;ND;CD
Смоленск;Смоленская область;66701000001;2044;1;316570;54.782635;32.045251;Тверь;Тверская область;28701000001;2101;1;416219;56.8586556;35.9118279;air;;;Маршрут не найден;ND;CD
Смоленск;Смоленская область;66701000001;2044;1;316570;54.782635;32.045251;Тула;Тульская область;70701000001;2164;1;473622;54.1918898;37.6153644;air;;;Маршрут не найден;ND;CD
Смоленск;Смоленская область;66701000001;2044;1;316570;54.782635;32.045251;Ярославль;Ярославская область;78701000001;2318;1;577279;57.6216293;39.8978921;air;;;Маршрут не найден;ND;CD
Тверь;Тверская область;28701000001;2101;1;416219;56.8586556;35.9118279;Брянск;Брянская область;15701000001;953;1;379152;53.2420053;34.3653002;air;;;Маршрут не найден;ND;CD
Тверь;Тверская область;28701000001;2101;1;416219;56.8586556;35.9118279;Владимир;Владимирская область;17701000001;986;1;349951;56.1280444;40.4082983;air;;;Маршрут не найден;ND;CD
Тверь;Тверская область;28701000001;2101;1;416219;56.8586556;35.9118279;Калуга;Калужская область;29701000001;1198;1;337058;54.506025;36.2516145;air;;;Маршрут не найден;ND;CD
Тверь;Тверская область;28701000001;2101;1;416219;56.8586556;35.9118279;Москва;Москва;45000000000;2539;1;13010112;55.7540584;37.62049;air;;;Маршрут не найден;ND;CD
Тверь;Тверская область;28701000001;2101;1;416219;56.8586556;35.9118279;Орёл;Орловская область;54701000001;1707;1;303169;52.9671928;36.0695725;air;;;Маршрут не найден;ND;CD
Тверь;Тверская область;28701000001;2101;1;416219;56.8586556;35.9118279;Рязань;Рязанская область;61701000001;1845;1;528599;54.6255345;39.7359162;air;;;Маршрут не найден;ND;CD
Тверь;Тверская область;28701000001;2101;1;416219;56.8586556;35.9118279;Смоленск;Смоленская область;66701000001;2044;1;316570;54.782635;32.045251;air;;;Маршрут не найден;ND;CD
Тверь;Тверская область;28701000001;2101;1;416219;56.8586556;35.9118279;Тула;Тульская область;70701000001;2164;1;473622;54.1918898;37.6153644;air;;;Маршрут не найден;ND;CD
Тверь;Тверская область;28701000001;2101;1;416219;56.8586556;35.9118279;Ярославль;Ярославская область;78701000001;2318;1;577279;57.6216293;39.8978921;air;;;Маршрут не найден;ND;CD
Тула;Тульская область;70701000001;2164;1;473622;54.1918898;37.6153644;Брянск;Брянская область;15701000001;953;1;379152;53.2420053;34.3653002;air;;;Маршрут не найден;ND;CD
Тула;Тульская область;70701000001;2164;1;473622;54.1918898;37.6153644;Владимир;Владимирская область;17701000001;986;1;349951;56.1280444;40.4082983;air;;;Маршрут не найден;ND;CD
Тула;Тульская область;70701000001;2164;1;473622;54.1918898;37.6153644;Калуга;Калужская область;29701000001;1198;1;337058;54.506025;36.2516145;air;;;Маршрут не найден;ND;CD
Тула;Тульская область;70701000001;2164;1;473622;54.1918898;37.6153644;Москва;Москва;45000000000;2539;1;13010112;55.7540584;37.62049;air;;;Маршрут не найден;ND;CD
Тула;Тульская область;70701000001;2164;1;473622;54.1918898;37.6153644;Орёл;Орловская область;54701000001;1707;1;303169;52.9671928;36.0695725;air;;;Маршрут не найден;ND;CD
Тула;Тульская область;70701000001;2164;1;473622;54.1918898;37.6153644;Рязань;Рязанская область;61701000001;1845;1;528599;54.6255345;39.7359162;air;;;Маршрут не найден;ND;CD
Тула;Тульская область;70701000001;2164;1;473622;54.1918898;37.6153644;Смоленск;Смоленская область;66701000001;2044;1;316570;54.782635;32.045251;air;;;Маршрут не найден;ND;CD
Тула;Тульская область;70701000001;2164;1;473622;54.1918898;37.6153644;Тверь;Тверская область;28701000001;2101;1;416219;56.8586556;35.9118279;air;;;Маршрут не найден;ND;CD
Тула;Тульская область;70701000001;2164;1;473622;54.1918898;37.6153644;Ярославль;Ярославская область;78701000001;2318;1;577279;57.6216293;39.8978921;air;;;Маршрут не найден;ND;CD
Ярославль;Ярославская область;78701000001;2318;1;577279;57.6216293;39.8978921;Брянск;Брянская область;15701000001;953;1;379152;53.2420053;34.3653002;air;;;Маршрут не найден;ND;CD
Ярославль;Ярославская область;78701000001;2318;1;577279;57.6216293;39.8978921;Владимир;Владимирская область;17701000001;986;1;349951;56.1280444;40.4082983;air;;;Маршрут не найден;ND;CD
Ярославль;Ярославская область;78701000001;2318;1;577279;57.6216293;39.8978921;Калуга;Калужская область;29701000001;1198;1;337058;54.506025;36.2516145;air;;;Маршрут не найден;ND;CD
Ярославль;Ярославская область;78701000001;2318;1;577279;57.6216293;39.8978921;Москва;Москва;45000000000;2539;1;13010112;55.7540584;37.62049;air;;;Маршрут не найден;ND;CD
Ярославль;Ярославская область;78701000001;2318;1;577279;57.6216293;39.8978921;Орёл;Орловская область;54701000001;1707;1;303169;52.9671928;36.0695725;air;;;Маршрут не найден;ND;CD
Ярославль;Ярославская область;78701000001;2318;1;577279;57.6216293;39.8978921;Рязань;Рязанская область;61701000001;1845;1;528599;54.6255345;39.7359162;air;;;Маршрут не найден;ND;CD
Ярославль;Ярославская область;78701000001;2318;1;577279;57.6216293;39.8978921;Смоленск;Смоленская область;66701000001;2044;1;316570;54.782635;32.045251;air;;;Маршрут не найден;ND;CD
Ярославль;Ярославская область;78701000001;2318;1;577279;57.6216293;39.8978921;Тверь;Тверская область;28701000001;2101;1;416219;56.8586556;35.9118279;air;;;Маршрут не найден;ND;CD
Ярославль;Ярославская область;78701000001;2318;1;577279;57.6216293;39.8978921;Тула;Тульская область;70701000001;2164;1;473622;54.1918898;37.6153644;air;;;Маршрут не найден;ND;CD
